{
  "id": "3842900",
  "name": "jianshu",
  "font_family": "iconfont",
  "css_prefix_text": "icon-",
  "description": "",
  "glyphs": [
    {
      "icon_id": "5387527",
      "name": "加号",
      "font_class": "jiahao",
      "unicode": "eaf3",
      "unicode_decimal": 60147
    },
    {
      "icon_id": "2674928",
      "name": "箭头 右",
      "font_class": "jiantouyou",
      "unicode": "e62e",
      "unicode_decimal": 58926
    },
    {
      "icon_id": "401103",
      "name": "spin",
      "font_class": "spin",
      "unicode": "e851",
      "unicode_decimal": 59473
    },
    {
      "icon_id": "1621077",
      "name": "Aa",
      "font_class": "Aa",
      "unicode": "e636",
      "unicode_decimal": 58934
    },
    {
      "icon_id": "5802479",
      "name": "放大镜",
      "font_class": "Magnifier",
      "unicode": "e62d",
      "unicode_decimal": 58925
    },
    {
      "icon_id": "21396811",
      "name": "line-quill pen（羽毛笔）",
      "font_class": "line-quillpenyumaobi",
      "unicode": "e6eb",
      "unicode_decimal": 59115
    }
  ]
}
